{
  "codecanvas": {
    "count": 7,
    "success_rate": 57.14285714285714,
    "success_count": 4,
    "failure_count": 3,
    "avg_tokens": 2605877.8571428573,
    "avg_cost": 0.0,
    "avg_steps": 72.71428571428571,
    "avg_tool_calls": 42.714285714285715,
    "avg_unique_tools": 4.857142857142857,
    "avg_elapsed_sec": 424.0864285714286,
    "avg_cost_success": 0.0,
    "avg_tokens_success": 2161188.0,
    "mcp_usage_rate": 28.57142857142857,
    "avg_mcp_calls": 2.142857142857143,
    "avg_loop_count": 0.14285714285714285,
    "avg_backtrack_count": 2.142857142857143,
    "grep_before_edit_rate": 42.857142857142854,
    "tool_distribution": {
      "TodoWrite": 31,
      "Grep": 26,
      "Read": 44,
      "mcp__codecanvas__canvas": 15,
      "Edit": 29,
      "Glob": 5,
      "Bash": 144,
      "Write": 5
    }
  },
  "codegraph": {
    "count": 7,
    "success_rate": 42.857142857142854,
    "success_count": 3,
    "failure_count": 4,
    "avg_tokens": 2123941.714285714,
    "avg_cost": 0.0,
    "avg_steps": 61.0,
    "avg_tool_calls": 37.42857142857143,
    "avg_unique_tools": 4.428571428571429,
    "avg_elapsed_sec": 295.1692857142857,
    "avg_cost_success": 0.0,
    "avg_tokens_success": 2481975.6666666665,
    "mcp_usage_rate": 0.0,
    "avg_mcp_calls": 0.0,
    "avg_loop_count": 0.14285714285714285,
    "avg_backtrack_count": 2.857142857142857,
    "grep_before_edit_rate": 42.857142857142854,
    "tool_distribution": {
      "TodoWrite": 38,
      "Grep": 35,
      "Glob": 4,
      "Read": 52,
      "Edit": 36,
      "Bash": 93,
      "Write": 4
    }
  },
  "text": {
    "count": 7,
    "success_rate": 42.857142857142854,
    "success_count": 3,
    "failure_count": 4,
    "avg_tokens": 3342636.5714285714,
    "avg_cost": 0.0,
    "avg_steps": 86.14285714285714,
    "avg_tool_calls": 53.57142857142857,
    "avg_unique_tools": 5.142857142857143,
    "avg_elapsed_sec": 599.8622857142857,
    "avg_cost_success": 0.0,
    "avg_tokens_success": 1903308.0,
    "mcp_usage_rate": 0.0,
    "avg_mcp_calls": 0.0,
    "avg_loop_count": 0.8571428571428571,
    "avg_backtrack_count": 4.571428571428571,
    "grep_before_edit_rate": 42.857142857142854,
    "tool_distribution": {
      "TodoWrite": 32,
      "Grep": 36,
      "Read": 81,
      "Glob": 7,
      "Edit": 47,
      "Bash": 162,
      "Write": 7,
      "TaskOutput": 2,
      "Task": 1
    }
  }
}