{
  "codecanvas": {
    "count": 7,
    "success_rate": 28.57142857142857,
    "success_count": 2,
    "failure_count": 5,
    "avg_tokens": 3190841.8571428573,
    "avg_cost": 0.0,
    "avg_steps": 80.28571428571429,
    "avg_tool_calls": 50.42857142857143,
    "avg_unique_tools": 4.857142857142857,
    "avg_elapsed_sec": 479.8982857142857,
    "avg_cost_success": 0.0,
    "avg_tokens_success": 3738424.0,
    "mcp_usage_rate": 57.14285714285714,
    "avg_mcp_calls": 5.285714285714286,
    "avg_loop_count": 0.14285714285714285,
    "avg_backtrack_count": 4.857142857142857,
    "grep_before_edit_rate": 42.857142857142854,
    "tool_distribution": {
      "TodoWrite": 29,
      "Grep": 25,
      "Read": 37,
      "mcp__codecanvas__canvas": 37,
      "Edit": 48,
      "Bash": 171,
      "Glob": 2,
      "Write": 4
    }
  },
  "codegraph": {
    "count": 7,
    "success_rate": 42.857142857142854,
    "success_count": 3,
    "failure_count": 4,
    "avg_tokens": 2481492.8571428573,
    "avg_cost": 0.0,
    "avg_steps": 76.28571428571429,
    "avg_tool_calls": 46.42857142857143,
    "avg_unique_tools": 6.571428571428571,
    "avg_elapsed_sec": 508.4712857142857,
    "avg_cost_success": 0.0,
    "avg_tokens_success": 1891007.3333333333,
    "mcp_usage_rate": 57.14285714285714,
    "avg_mcp_calls": 1.1428571428571428,
    "avg_loop_count": 0.2857142857142857,
    "avg_backtrack_count": 2.5714285714285716,
    "grep_before_edit_rate": 57.14285714285714,
    "tool_distribution": {
      "mcp__codegraph__init_repository": 4,
      "mcp__codegraph__get_dependencies": 3,
      "mcp__codegraph__search_code": 1,
      "Grep": 45,
      "Glob": 11,
      "TodoWrite": 44,
      "Read": 72,
      "Edit": 33,
      "Bash": 105,
      "Write": 4,
      "TaskOutput": 2,
      "Task": 1
    }
  },
  "text": {
    "count": 7,
    "success_rate": 57.14285714285714,
    "success_count": 4,
    "failure_count": 3,
    "avg_tokens": 1774353.142857143,
    "avg_cost": 0.0,
    "avg_steps": 59.0,
    "avg_tool_calls": 35.142857142857146,
    "avg_unique_tools": 4.428571428571429,
    "avg_elapsed_sec": 281.65914285714285,
    "avg_cost_success": 0.0,
    "avg_tokens_success": 2038729.0,
    "mcp_usage_rate": 0.0,
    "avg_mcp_calls": 0.0,
    "avg_loop_count": 0.14285714285714285,
    "avg_backtrack_count": 1.2857142857142858,
    "grep_before_edit_rate": 42.857142857142854,
    "tool_distribution": {
      "TodoWrite": 28,
      "Grep": 20,
      "Read": 44,
      "Edit": 20,
      "Bash": 129,
      "Glob": 1,
      "Write": 4
    }
  }
}